text,label
You have a guaranteed prize waiting for you.,spam
You are our lucky winner! Reply NOW to receive your reward.,spam
Exclusive prize available. Claim it immediately.,spam
I will finish the task before five.,ham
Thank you for the information.,ham
I will be there soon.,ham
I am feeling better today.,ham
Free vacation package available for selected customers.,spam
The teacher moved the class to Friday.,ham
Are you coming to class today?,ham
Let's have dinner tonight.,ham
I will pick you up after class.,ham
Your number was randomly selected for a special reward.,spam
The weather looks good today.,ham
You have been selected for a special prize draw.,spam
Don't forget our meeting tomorrow morning.,ham
Special offer ends today. Get your free reward.,spam
Congratulations! Click here to collect your prize.,spam
Are we still meeting this afternoon?,ham
Did you receive my email?,ham
Congratulations! Your number has won a cash reward.,spam
You could win a luxury holiday. Enter today.,spam
Can we change our appointment to Friday?,ham
I am studying for the exam tonight.,ham
Congratulations! You won a new smartphone.,spam
See you tomorrow.,ham
Please check the attached file.,ham
You won! Follow the link to receive your reward.,spam
Can you buy some milk on your way home?,ham
"FREE entry! You could win $2,000 today.",spam
I reached home safely.,ham
The meeting has been cancelled.,ham
Urgent! Complete the survey to receive your reward.,spam
The project meeting starts at two.,ham
WINNER ALERT! Your prize must be claimed now.,spam
I am running a little late.,ham
You are eligible for a free prize. Click now.,spam
Urgent notice: your reward will expire soon.,spam
Can you help me with this question?,ham
Can you remind me about the meeting?,ham
Good luck with your presentation.,ham
I am going to the library.,ham
Thanks for helping me with the assignment.,ham
Free voucher available for the first selected customers.,spam
I am at the coffee shop now.,ham
The bus will arrive in ten minutes.,ham
Your account has won a special promotional reward.,spam
"Thanks, I really appreciate your help.",ham
"Congratulations, lucky customer! Your prize is waiting.",spam
Please send me the document when you can.,ham
I will send the photos later.,ham
Can you send me the homework?,ham
I finished the report.,ham
The train is delayed by twenty minutes.,ham
I will call you after work.,ham
You have been selected for a limited-time bonus.,spam
What time should we have lunch?,ham
Special promotion! You can win cash today.,spam
We can discuss it tomorrow.,ham
FREE cash reward! Click to claim your money.,spam
Limited offer! Get a free voucher by clicking this link.,spam
Congratulations! You are eligible for a valuable prize.,spam
FREE gift waiting for you. Claim your prize today.,spam
Let's meet near the main entrance.,ham
Congratulations! You have won a free prize. Claim it now!,spam
Lucky winner selected! Reply YES to claim.,spam
Can you pick up some water?,ham
Get a FREE coupon by completing this short survey.,spam
You have been chosen for a free shopping voucher.,spam
Special promotion: claim your cash prize today.,spam
WIN CASH NOW! Reply to enter the promotion.,spam
Have you eaten lunch yet?,ham
WINNER! Collect your $500 reward before it expires.,spam
I will text you when I get home.,ham
Act immediately to avoid losing your free reward.,spam
You have won a holiday package. Claim your ticket now.,spam
You are a lucky winner. Claim your voucher now.,spam
I forgot my charger at home.,ham
Claim your exclusive bonus by replying YES.,spam
Exclusive deal! Get a free gift when you register today.,spam
Claim your FREE reward before midnight.,spam
Congratulations! You qualify for a free bonus.,spam
I have already paid the bill.,ham
Please let me know when you are free.,ham
Please call me when you arrive.,ham
Win a brand new phone today. Click the link to claim.,spam
Please bring your laptop tomorrow.,ham
I will meet you at the station at six.,ham
What did the teacher say about the exam?,ham
Get your reward now before this offer ends.,spam
Congratulations! Your reward is ready to collect.,spam
Hurry! Your free gift is waiting for you.,spam
Lucky customer alert: your free gift is ready.,spam
Claim your free shopping voucher before it expires.,spam
I left my book in the classroom.,ham
Act now to receive your special cash bonus.,spam
You have won a cash prize. Send your details now.,spam
I am waiting outside the office.,ham
Limited-time offer: receive a free gift today.,spam
"URGENT! You have been selected to receive $1,000.",spam
"Hey mom, can you pick me up at 5?",ham
Reminder: your appointment is tomorrow at 10am.,ham
Is your homework done yet?,ham
Your lecture starts at 9am today.,ham
Can I borrow your notes for the class?,ham
"Dad, what time is dinner tonight?",ham
"Hey, are you free this weekend?",ham
Your package was delivered this morning.,ham
"Don't forget your umbrella, it might rain.",ham
Your test results will be ready next week.,ham
"Hey, can we reschedule our call to 3pm?",ham
Your flight is scheduled for 8am tomorrow.,ham
Can you check your email for the schedule?,ham
Your turn to bring snacks for the meeting.,ham
"Hey, did you finish your assignment?",ham
Claim the prize now before it expires!,spam
"Limited time offer, act immediately to save big!",spam
"Congratulations, a free trip has been reserved for the winner!",spam
Act now to receive a huge cash bonus!,spam
"Exclusive deal ends tonight, don't miss out!",spam
"Hurry, the free gift is almost gone!",spam
Reply now to unlock a mystery reward!,spam
Final notice: claim the reward before midnight!,spam
"A lucky winner has been chosen, respond immediately!",spam
"Get cash instantly, no fees, click now!",spam
"This is not a scam, claim the free prize today!",spam
"Selected customers can win big, enter now!",spam
"Free entry to the giveaway, reply YES now!",spam
"Act fast, the offer expires in one hour!",spam
"Winner announced, collect the reward immediately!",spam
